Job ID,Job URL,Job Title,Company Name,Status,Timestamp,WP ID
e13ca78cc0273048,https://do.linkedin.com/jobs/view/vacante-auxiliar-de-laboratorio-at-tripalis-4434366598,Vacante: Auxiliar de Laboratorio,,scraped,2026-07-07T00:15:02.801376,
4b3ee246ea553ad9,https://do.linkedin.com/jobs/view/jumbo-b%C3%A1varo-asistente-inventario-at-centro-cuesta-nacional-4436962387,Jumbo Bávaro - Asistente Inventario,Centro Cuesta Nacional,posted,2026-07-07T00:15:27.187170,24
cc32e991103eb188,https://do.linkedin.com/jobs/view/analista-de-facturaci%C3%B3n-y-cotizaci%C3%B3n-at-imeq-dominicana-4435482241,Analista de Facturación y Cotización,,scraped,2026-07-07T00:15:29.816754,
980e2b71aba51028,https://do.linkedin.com/jobs/view/corporativo-coordinador-log%C3%ADstica-at-centro-cuesta-nacional-4436954851,Corporativo - Coordinador Logística,Centro Cuesta Nacional,posted,2026-07-07T00:15:48.408590,26
78d3a8988bc3a25c,https://do.linkedin.com/jobs/view/vacante-auxiliar-de-medio-ambiente-at-tripalis-4434375460,Vacante: Auxiliar de Medio Ambiente,,scraped,2026-07-07T00:15:51.012397,
85ae9fb96893c77e,https://do.linkedin.com/jobs/view/auxiliar-de-cxp-at-quala-4434353677,AUXILIAR DE CXP,Quala,posted,2026-07-07T00:16:08.420297,28
47427dbaaf0ddcb4,https://do.linkedin.com/jobs/view/agente-comercial-at-atl%C3%A1ntica-seguros-s-a-4435258067,Agente Comercial,,scraped,2026-07-07T00:16:11.028612,
9a3ff4db7f4510b3,https://do.linkedin.com/jobs/view/nacional-charles-de-gaulle-jefe-nacional-com-at-centro-cuesta-nacional-4436325466,Nacional Charles de Gaulle - Jefe Nacional.com,Centro Cuesta Nacional,posted,2026-07-07T00:16:29.417630,30
213916f20e72fac6,https://do.linkedin.com/jobs/view/ingeniero-proyectos-at-gildan-4233887182,Ingeniero Proyectos,,scraped,2026-07-07T00:16:32.076654,
e1be58bf744f0bf1,https://do.linkedin.com/jobs/view/agente-comercial-san-juan-at-atl%C3%A1ntica-seguros-s-a-4435239754,Agente Comercial San Juan,,scraped,2026-07-07T00:16:39.655823,
c5165801f96eff77,https://do.linkedin.com/jobs/view/assistant-director-of-technology-innovation-data-at-four-seasons-4427561596,"Assistant Director of Technology, Innovation & Data",Four Seasons,posted,2026-07-07T00:16:56.523569,32
c8207b8573ae8fff,https://do.linkedin.com/jobs/view/delivery-senior-consultant-ft-gdc-dalian-chongqing-guangzhou-315825-006050-at-deloitte-4407415354,Delivery (Senior) Consultant-FT GDC - Dalian/Chongqing/Guangzhou(315825)(006050),Deloitte,posted,2026-07-07T00:17:14.207322,34
f89c2b592f4a6b41,https://do.linkedin.com/jobs/view/%E5%AE%A2%E6%9C%8D%E7%BB%8F%E7%90%866000%E6%97%A0%E8%B4%A3%E5%8A%9E%E5%85%AC%E5%AE%A4%E5%B7%A5%E4%BD%9C-at-%E5%B1%B1%E8%A5%BF%E9%A3%9E%E9%91%AB%E7%A7%91%E6%8A%80%E6%9C%89%E9%99%90%E5%85%AC%E5%8F%B8-4435736618,客服经理6000无责办公室工作,山西飞鑫科技有限公司,posted,2026-07-07T00:17:25.349956,36
2b0968084b78fe69,https://do.linkedin.com/jobs/view/transportation-advisor-at-yokohama-tws-4425891880,Transportation Advisor,,scraped,2026-07-07T00:17:27.993139,
7c0a354f383647e2,https://do.linkedin.com/jobs/view/%E5%AE%BF%E5%B7%9E%E9%82%AE%E5%82%A8%E4%BF%A1%E7%94%A8%E5%8D%A1%E4%B8%93%E5%91%98%2B%E5%B9%B4%E8%96%AA%E5%9C%A825w-30w-at-%E5%AE%89%E5%BE%BD%E6%98%93%E5%BE%B7%E4%BA%BA%E5%8A%9B%E8%B5%84%E6%BA%90%E7%AE%A1%E7%90%86%E6%9C%89%E9%99%90%E5%85%AC%E5%8F%B8-4435737534,宿州邮储信用卡专员+年薪在25W-30W,安徽易德人力资源管理有限公司,posted,2026-07-07T00:17:42.016221,38
5acffe07c4ec2a9d,https://do.linkedin.com/jobs/view/%E7%85%A4%E5%88%B6%E6%B2%B9%E7%AD%B9%E5%A4%87%E5%B7%A5%E4%BD%9C%E7%BB%84%E5%89%AF%E7%BB%84%E9%95%BF-at-tbea-xi-an-electric-technology-co-ltd-4436248256,煤制油筹备工作组副组长,,scraped,2026-07-07T00:17:44.558134,
e422e3fa6f9f9bdd,https://do.linkedin.com/jobs/view/housekeeping-manager-at-meli%C3%A1-hotels-international-4437465335,HOUSEKEEPING MANAGER,Meliá Hotels International,posted,2026-07-07T00:18:04.088904,40
0e9ff8a5283c8747,https://do.linkedin.com/jobs/view/conserje-at-wind-telecom-s-a-4436225984,Conserje,,scraped,2026-07-07T00:18:06.634821,
362f99c034940d76,https://do.linkedin.com/jobs/view/%E6%B8%A0%E9%81%93%E4%B8%93%E5%91%98-%E8%B5%A3%E5%B7%9E-at-%E5%B9%B3%E5%AE%89%E5%81%A5%E5%BA%B7%E4%BF%9D%E9%99%A9%E8%82%A1%E4%BB%BD%E6%9C%89%E9%99%90%E5%85%AC%E5%8F%B8-4436485398,渠道专员-赣州,,scraped,2026-07-07T00:19:17.147404,
6134c331bfcbc5bb,https://do.linkedin.com/jobs/view/se-busca-personal-en-el-%C3%A1rea-de-mensajer%C3%ADa-at-tu-empleo-rd-4436975649,Se busca Personal en el área de mensajería,,scraped,2026-07-07T00:19:25.114757,
83b6d7a1e989498c,https://do.linkedin.com/jobs/view/vacante-encargado-de-reclutamiento-at-tripalis-4434382025,Vacante: Encargado de Reclutamiento,,scraped,2026-07-07T00:19:33.191491,
dd494861416fdaa4,https://do.linkedin.com/jobs/view/vacante-auxiliar-contable-at-tripalis-4434360843,Vacante: Auxiliar contable,,scraped,2026-07-07T00:19:41.700811,
46e0f7d33a61076a,https://do.linkedin.com/jobs/view/subgerente-controles-operacionales-at-asociaci%C3%B3n-la-nacional-de-ahorros-y-pr%C3%A9stamos-4434332275,Subgerente Controles Operacionales,,scraped,2026-07-07T00:20:53.998484,
5f7e1472445c043c,https://do.linkedin.com/jobs/view/gestor-de-calidad-senior-at-tripalis-4435002302,Gestor de Calidad Senior,,scraped,2026-07-07T00:21:00.509816,
9144ea8883e4d6b8,https://do.linkedin.com/jobs/view/coodinador-de-opracione-at-taurus-security-service-4436241325,Coodinador de Opracione,Taurus Security Service,posted,2026-07-07T00:21:17.187374,42
f7cbb0e36813cd54,https://do.linkedin.com/jobs/view/director-de-negocios-internacionales-at-linuo-group-4435299644,Director de Negocios Internacionales,,scraped,2026-07-07T00:21:19.881260,
74aa51e917f427bd,https://do.linkedin.com/jobs/view/asistente-reclutamiento-masivo-temporal-at-banco-bhd-4436373301,Asistente Reclutamiento Masivo (Temporal),,scraped,2026-07-07T00:21:27.465333,
67c5efa998ecfddf,https://do.linkedin.com/jobs/view/lider-de-inventario-at-procontratista-4436242310,Lider de Inventario,Procontratista,posted,2026-07-07T00:21:41.200074,44
978b96867f2436cc,https://do.linkedin.com/jobs/view/procurement-officer-remote-at-kaizen-asset-management-services-4435594898,Procurement Officer - Remote,KAIZEN Asset Management Services,posted,2026-07-07T00:21:53.734167,46
f4f1ea7ba9ad0bbf,https://do.linkedin.com/jobs/view/tasador-el%C3%A9ctrico-junior-sin-experiencia-at-tripalis-4434359973,Tasador Eléctrico Junior (Sin Experiencia),,scraped,2026-07-07T00:21:56.339554,
d8424ea0fb865d5e,https://do.linkedin.com/jobs/view/cctv-operator-at-confidential-careers-4432775998,CCTV OPERATOR,,scraped,2026-07-07T00:22:05.209279,
09995ed16769aeb3,https://do.linkedin.com/jobs/view/%E5%8C%BB%E8%8D%AF%E5%AD%A6%E6%9C%AF%E6%8E%A8%E5%B9%BF%E4%B8%93%E5%91%98%EF%BC%88%E5%9B%BD%E4%BC%81%EF%BC%89%E8%BE%BE%E5%B7%9E-at-humanwell-healthcare-group-co-ltd-4435782279,医药学术推广专员（国企）达州,,scraped,2026-07-07T00:22:11.707206,
54a8391904594ff8,https://do.linkedin.com/jobs/view/purchasing-manager-at-convatec-4417440314,Purchasing Manager,,scraped,2026-07-07T00:24:30.357477,
2dd767705f76551d,https://do.linkedin.com/jobs/view/t%C3%A9cnico-a-administrativo-a-at-zennio-4435486083,Técnico/a Administrativo/a,,scraped,2026-07-07T00:24:37.270565,
781d845652272a90,https://do.linkedin.com/jobs/view/encargado-de-escenograf%C3%ADa-y-decoraci%C3%B3n-at-secrets-papagayo-costa-rica-4436365004,Encargado de Escenografía y Decoración,,scraped,2026-07-07T00:24:45.336581,
9045964ff4acc1f8,https://do.linkedin.com/jobs/view/front-desk-agent-hospitality-at-people-working-corp-4436434355,Front Desk Agent (hospitality),,scraped,2026-07-07T00:24:53.206503,
122b9111c8a902c9,https://do.linkedin.com/jobs/view/gestor-de-entregas-at-gesproin-group-4437415758,GESTOR DE ENTREGAS,,scraped,2026-07-07T00:25:02.546961,
a3d002f1d1a7a59a,https://do.linkedin.com/jobs/view/product-owner-at-grupo-ramos-4436122257,PRODUCT OWNER,,scraped,2026-07-07T00:26:12.750490,
6783e719194146fd,https://do.linkedin.com/jobs/view/driver-at-get-legal-work-4436034740,Driver,GET LEGAL WORK,posted,2026-07-07T00:27:29.825953,48
513371328bde551a,https://do.linkedin.com/jobs/view/analista-financiero-senior-mba-business-intelligence-at-atl%C3%A1ntica-seguros-s-a-4435251387,Analista Financiero Senior (MBA)  Business Intelligence,,scraped,2026-07-07T00:27:32.408367,
1fff744957649619,https://do.linkedin.com/jobs/view/head-of-marketing-at-entrepreneur-cooperative-4436917330,Head of Marketing,Entrepreneur Cooperative,posted,2026-07-07T00:27:45.278298,50
9b9b94d63f899c94,https://do.linkedin.com/jobs/view/contador-financiero-at-procontratista-4436246219,Contador Financiero,Procontratista,posted,2026-07-07T00:27:54.261314,52
2c615ffeac220ce6,https://do.linkedin.com/jobs/view/chofer-categoria-03-en-santo-domingo-este-at-tu-empleo-rd-4436986159,Chofer Categoria 03 en Santo Domingo Este,,scraped,2026-07-07T00:27:56.794969,
c21322e68c7e5405,https://do.linkedin.com/jobs/view/vacante-primer-oficial-de-soporte-de-apertura-de-cuentas-at-tripalis-4434369555,Vacante: Primer Oficial de Soporte de Apertura de Cuentas,,scraped,2026-07-07T00:28:04.887045,
2cab6001fa507449,https://do.linkedin.com/jobs/view/analista-de-capacitaci%C3%B3n-at-totalenergies-4363500547,Analista de Capacitación.,,scraped,2026-07-07T00:28:13.566375,
5b8635f8a16167c6,https://do.linkedin.com/jobs/view/asesor-internacional-de-ventas-international-sales-consultant-at-hansgrohe-north-america-4434683259,Asesor Internacional de Ventas - International Sales Consultant,Hansgrohe North America,posted,2026-07-07T00:29:32.980862,54
0a394c05e1dbad6e,https://do.linkedin.com/jobs/view/coodinador-de-opracione-at-taurus-security-service-4436245249,Coodinador de Opracione,Taurus Security Service,posted,2026-07-07T00:29:38.999115,42
f844504e7a7f89c4,https://do.linkedin.com/jobs/view/excellence-officer-remote-at-kaizen-asset-management-services-4435591791,Excellence Officer - Remote,KAIZEN Asset Management Services,posted,2026-07-07T00:30:55.430080,56
6244d18098329bff,https://do.linkedin.com/jobs/view/supervisor-de-instalaciones-electricas-y-comunicaciones-at-hanson-rodriguez-srl-4437174481,Supervisor de Instalaciones Electricas y Comunicaciones,,scraped,2026-07-07T00:30:58.025053,
239c6730777b261c,https://do.linkedin.com/jobs/view/gerente-de-seguridad-portuaria-at-n-v-goudkust-4437482496,Gerente de Seguridad Portuaria,N.V.Goudkust,posted,2026-07-07T00:31:11.847963,58
f23edd3234e58fac,https://do.linkedin.com/jobs/view/auxiliar-de-captura-de-datos-at-santo-domingo-motors-4436210586,Auxiliar de Captura de Datos,Santo Domingo Motors,posted,2026-07-07T00:31:24.664082,60
c0b870ccf2503108,https://do.linkedin.com/jobs/view/gerente-de-seguridad-portuaria-at-n-v-goudkust-4437489346,Gerente de Seguridad Portuaria,N.V.Goudkust,posted,2026-07-07T00:31:29.745374,58
7974550388ffbc38,https://do.linkedin.com/jobs/view/auxiliar-contable-provincia-la-romana-at-tu-empleo-rd-4436966882,Auxiliar Contable Provincia La Romana,,scraped,2026-07-07T00:31:32.338424,
3780ac2b56e6593e,https://do.linkedin.com/jobs/view/architectural-designer-at-zeller-companies-4436105691,Architectural Designer,Zeller Companies,posted,2026-07-07T00:31:45.637684,62
135f535ac4f05732,https://do.linkedin.com/jobs/view/gerente-financiero-at-ccompass-4435406222,Gerente Financiero,,scraped,2026-07-07T00:31:48.189985,
b5a535bc988fec16,https://do.linkedin.com/jobs/view/asistente-de-turno-zona-3-at-totalenergies-4436757765,Asistente de Turno /Zona 3,,scraped,2026-07-07T00:31:54.754831,
4d4ed697400b12b3,https://do.linkedin.com/jobs/view/analista-de-selecci%C3%B3n-de-personal-at-hyatt-4433990582,Analista de selección de personal,Hyatt,posted,2026-07-07T00:33:13.023082,64
48c946604201d5dd,https://do.linkedin.com/jobs/view/production-technician-at-rockwell-automation-4426369360,Production Technician,Rockwell Automation,posted,2026-07-07T00:33:22.064693,66
0dd1dec37cda44e1,https://do.linkedin.com/jobs/view/t%C3%A9cnico-a-administrativo-a-at-zennio-4436710877,Técnico/a Administrativo/a,,scraped,2026-07-07T00:33:24.618313,
468ff1e1571f1684,https://do.linkedin.com/jobs/view/%E4%B8%8A%E5%B8%82%E5%85%AC%E5%8F%B8%E8%BD%A6%E9%99%A9%E9%94%80%E5%94%AE%E7%BB%8F%E7%90%86-at-china-continent-property-casualty-insurance-company-ltd-4435735640,上市公司车险销售经理,China Continent Property &amp; Casualty Insurance Company LTD.,failed|wp_post_failed,2026-07-07T00:34:37.973750,
d5f44c42a4b8a1ec,https://do.linkedin.com/jobs/view/%E5%8C%BA%E5%9F%9F%E7%BB%8F%E7%90%86-at-qingdao-federation-of-trade-unions-4435725824,区域经理,,scraped,2026-07-07T00:34:40.538400,
c6400480574fe1ff,https://do.linkedin.com/jobs/view/%E9%95%BF%E6%B1%9F%E8%AF%81%E5%88%B8%E5%AE%BF%E5%B7%9E%E8%90%A5%E4%B8%9A%E9%83%A8-%E6%8A%95%E8%B5%84%E9%A1%BE%E9%97%AE-at-changjiang-securities-co-ltd-4435725888,长江证券宿州营业部 投资顾问,,scraped,2026-07-07T00:35:51.804326,
37d915b839bc0e85,https://do.linkedin.com/jobs/view/senior-cctv-monitor-at-one-park-financial-4436754176,Senior CCTV Monitor,One Park Financial,posted,2026-07-07T00:36:08.643544,68
52744547c3b12f63,https://do.linkedin.com/jobs/view/coordinador-a-de-compras-at-dp-world-4433973466,Coordinador/a de compras,,scraped,2026-07-07T00:36:11.264942,
8ca3f2a9b3c5812f,https://do.linkedin.com/jobs/view/data-engineer-at-perform-4406416093,Data Engineer,Perform,posted,2026-07-07T00:36:23.795120,70
e7f5147b88faebd1,https://do.linkedin.com/jobs/view/%E7%8C%AA%E5%9C%BA%E6%9C%BA%E7%94%B5%E4%B8%BB%E7%AE%A1-at-%E5%8F%8C%E8%83%9E%E8%83%8E-%E9%9B%86%E5%9B%A2-%E8%82%A1%E4%BB%BD%E6%9C%89%E9%99%90%E5%85%AC%E5%8F%B8-4435735011,猪场机电主管,双胞胎(集团)股份有限公司,failed|wp_post_failed,2026-07-07T00:36:27.926351,
315e7d6c1c19ad9e,https://do.linkedin.com/jobs/view/tecnico-de-exploracion-geologist-helper-at-n-v-goudkust-4437484455,Tecnico de Exploracion - Geologist Helper,N.V.Goudkust,posted,2026-07-07T00:36:36.831976,72
46be7bcbcf470cc1,https://do.linkedin.com/jobs/view/shipping-clerk-1st-shift-at-eaton-4432705272,Shipping Clerk (1st Shift),Eaton,posted,2026-07-07T00:37:22.930795,74
0d93b8dd724c8d4b,https://do.linkedin.com/jobs/view/tui-hotel-rep-bayahibe-punta-cana-local-residents-at-tui-4429025733,TUI Hotel Rep | Bayahibe & Punta Cana| Local Residents,,scraped,2026-07-07T00:37:25.532629,
7b60a6900e1945f6,https://do.linkedin.com/jobs/view/%E9%BB%94%E5%8D%97-%E5%90%8E%E5%8B%A4-%E5%9B%BD%E4%BC%81%E5%8D%95%E4%BD%8D%E7%AB%99%E5%86%85%E8%BE%85%E8%AD%A6%E4%BA%BA%E5%91%98%EF%BC%88%E4%BA%94%E9%99%A9%E4%B8%80%E9%87%91%2B%E5%8C%85%E9%A3%9F%E5%AE%BF%EF%BC%89-at-%E4%B8%8A%E6%B5%B7%E5%B1%95%E9%94%A6%E4%BC%81%E4%B8%9A%E7%AE%A1%E7%90%86%E6%9C%89%E9%99%90%E5%85%AC%E5%8F%B8-4435758873,黔南 后勤 国企单位站内辅警人员（五险一金+包食宿）,上海展锦企业管理有限公司,posted,2026-07-07T00:38:43.754253,76
62b080c6ce088687,https://do.linkedin.com/jobs/view/director-of-finance-at-four-seasons-4378017032,Director of Finance,Four Seasons,posted,2026-07-07T00:38:55.740771,78
facc95928530465e,https://do.linkedin.com/jobs/view/shipping-clerk-2nd-shift-at-eaton-4432397335,Shipping Clerk (2nd Shift),Eaton,posted,2026-07-07T00:39:42.022041,80
53efb5b164cd90d0,https://do.linkedin.com/jobs/view/vigilante-chofer-at-brink%E2%80%99s-inc-4435836213,Vigilante Chofer,Brink’s Inc,posted,2026-07-07T00:39:51.082006,82
443912f4c6fb8a75,https://do.linkedin.com/jobs/view/sr-machine-operator-ii-at-jabil-4435269098,Sr Machine Operator II,Jabil,posted,2026-07-07T00:40:01.076682,84
c266a0d019003bae,https://do.linkedin.com/jobs/view/consultant-senior-consultant-deloitte-consulting-ai-d-gz-sz-106383-at-deloitte-4426722989,Consultant/Senior Consultant - Deloitte Consulting - AI&D -GZ/SZ(106383),Deloitte,posted,2026-07-07T00:40:11.473796,86
0294b832fadf7a43,https://do.linkedin.com/jobs/view/analyst-consultant-compliance-cyber-global-delivery-center-chongqing-guangzhou-315652-005857-at-deloitte-4386956962,Analyst / Consultant (Compliance) - Cyber - Global Delivery Center - Chongqing / Guangzhou(315652)(005857),Deloitte,posted,2026-07-07T00:40:21.443452,88
aaa16b135f19c5c3,https://do.linkedin.com/jobs/view/%E5%AE%A2%E6%88%B7%E7%BB%8F%E7%90%86-at-%E5%B9%B3%E5%AE%89%E5%81%A5%E5%BA%B7%E4%BF%9D%E9%99%A9%E8%82%A1%E4%BB%BD%E6%9C%89%E9%99%90%E5%85%AC%E5%8F%B8-4436775176,客户经理,,scraped,2026-07-07T00:40:23.985625,
49d4fad56721e329,https://do.linkedin.com/jobs/view/%E4%BA%B3%E5%B7%9E%E5%AE%A2%E6%9C%8D%E7%90%86%E8%B5%94%E9%83%A8%E9%97%A8%E5%BA%97%E4%BD%9C%E4%B8%9A%E5%B2%97-at-%E5%B9%B3%E5%AE%89%E5%81%A5%E5%BA%B7%E4%BF%9D%E9%99%A9%E8%82%A1%E4%BB%BD%E6%9C%89%E9%99%90%E5%85%AC%E5%8F%B8-4434652827,亳州客服理赔部门店作业岗,,scraped,2026-07-07T00:40:31.737274,
cc44130a76ec3f57,https://do.linkedin.com/jobs/view/gestor-de-cobros-domiciliario-at-tu-empleo-rd-4436984281,Gestor de Cobros domiciliario,,scraped,2026-07-07T00:41:43.225262,
a876718b9f368089,https://do.linkedin.com/jobs/view/ehs-specialist-at-yokohama-tws-4434619920,EHS SPECIALIST,,scraped,2026-07-07T00:41:51.439959,
b3e20cf6dce00fc3,https://do.linkedin.com/jobs/view/feria-de-empleo-2026-%E2%80%93-cajeros-auxiliares-de-tienda-seguridad-jefes-y-supervisores-de-%C3%A1rea-%E2%80%93-punta-cana-at-tripalis-4435778765,"Feria de Empleo 2026 – Cajeros, Auxiliares de Tienda, Seguridad, Jefes y Supervisores de Área – Punta Cana",,scraped,2026-07-07T00:41:58.477005,
b6e3a5dc30789edb,https://do.linkedin.com/jobs/view/tech-lead-sanity-cms-remote-latin-america-at-fullstack-4427092831,Tech Lead (Sanity CMS) - Remote - Latin America,FullStack,posted,2026-07-07T00:43:18.761147,90
cf545b3f4fea8d2f,https://do.linkedin.com/jobs/view/%E5%AE%89%E5%85%A8%E5%B7%A5%E7%A8%8B%E5%B8%88-at-%E7%89%B9%E5%8F%98%E7%94%B5%E5%B7%A5%E5%9B%BD%E9%99%85%E5%B7%A5%E7%A8%8B%E6%9C%89%E9%99%90%E5%85%AC%E5%8F%B8-4435435292,安全工程师,,scraped,2026-07-07T00:43:21.340693,
0befa0aba0e46810,https://do.linkedin.com/jobs/view/client-manager-at-xploy-solutions-4436205666,Client Manager,Xploy Solutions,posted,2026-07-07T00:43:34.665035,92
a81d35fef6862924,https://do.linkedin.com/jobs/view/tech-lead-sanity-cms-remote-latin-america-at-fullstack-4427110418,Tech Lead (Sanity CMS) - Remote - Latin America,FullStack,posted,2026-07-07T00:43:39.743293,90
641b0c48f03e1012,https://do.linkedin.com/jobs/view/tech-lead-sanity-cms-remote-latin-america-at-fullstack-4427096781,Tech Lead (Sanity CMS) - Remote - Latin America,FullStack,posted,2026-07-07T00:43:44.376039,90
aeb1a96234e143c2,https://do.linkedin.com/jobs/view/auxiliar-de-contabilidad-at-fundaci%C3%B3n-sur-futuro-4437474063,Auxiliar de contabilidad,,scraped,2026-07-07T00:43:46.962596,
36722fef7012e5b4,https://do.linkedin.com/jobs/view/health-nutrition-coordinator-national-aleppo-damascus-at-reliefweb-4436475628,Health & Nutrition Coordinator-National-Aleppo/Damascus,ReliefWeb,posted,2026-07-07T00:43:58.642156,94
8cd0cb95297fe144,https://do.linkedin.com/jobs/view/administrador-de-espacios-y-exhibiciones-at-grupo-ramos-4437190357,Administrador de Espacios y Exhibiciones,,scraped,2026-07-07T00:44:01.249587,
b1f1fa6484302fc5,https://do.linkedin.com/jobs/view/technical-architect-latam-caribbean-at-utopia-design-4436961041,Technical Architect (Latam & Caribbean),,scraped,2026-07-07T00:44:07.733642,
b85c34c963591c0e,https://do.linkedin.com/jobs/view/pueblo-viejo-especialista-mejora-continua-at-barrick-pueblo-viejo-4437195043,Pueblo Viejo - Especialista - Mejora Continua,,scraped,2026-07-07T00:45:17.876166,
a8a765a2d87e2eb3,https://do.linkedin.com/jobs/view/asistente-administrativa-y-contable-at-gumil-4437432292,Asistente Administrativa y Contable,Gumil,posted,2026-07-07T00:45:31.579987,96
640185674e902c67,https://do.linkedin.com/jobs/view/pueblo-viejo-tecnico-a-ambiental-at-barrick-pueblo-viejo-4437421664,Pueblo Viejo - Tecnico(a) - Ambiental,,scraped,2026-07-07T00:45:34.153012,
ab55450682f4f466,https://do.linkedin.com/jobs/view/auxiliar-de-adquisici%C3%B3n-de-talento-at-santo-domingo-motors-4436244472,Auxiliar de Adquisición de Talento,Santo Domingo Motors,posted,2026-07-07T00:45:50.166300,98
19537761522e3b0b,https://do.linkedin.com/jobs/view/ayudante-de-almac%C3%A9n-la-vega-at-grupo-l-r-comercial-s-r-l-4435238766,Ayudante de Almacén (la Vega),Grupo L&amp;R Comercial S.R.L,posted,2026-07-07T00:46:00.036895,100
84625142066abcae,https://do.linkedin.com/jobs/view/vacante-auditor-de-colmados-at-tripalis-4434372533,Vacante: Auditor de Colmados,,scraped,2026-07-07T00:46:02.673791,
d549507337dec119,https://do.linkedin.com/jobs/view/chofer-la-vega-casa-dominicana-at-grupo-l-r-comercial-s-r-l-4435256125,Chofer La vega  ( Casa Dominicana ),Grupo L&amp;R Comercial S.R.L,posted,2026-07-07T00:47:22.151403,102
3bf89d36d6bae6f8,https://do.linkedin.com/jobs/view/encargado-de-obra-at-constructora-omar-reyes-4436785909,Encargado de obra,Constructora Omar Reyes,posted,2026-07-07T00:48:39.675398,104
08bfaf288831d715,https://do.linkedin.com/jobs/view/mensajero-motorizado-temporero-at-banco-popular-dominicano-4434681720,MENSAJERO MOTORIZADO TEMPORERO,,scraped,2026-07-07T00:48:42.040933,
31824112df65d908,https://do.linkedin.com/jobs/view/tecnico-de-exploracion-geologist-helper-at-n-v-goudkust-4437476811,Tecnico de Exploracion - Geologist Helper,N.V.Goudkust,posted,2026-07-07T00:48:51.067558,72
6501a405de221525,https://do.linkedin.com/jobs/view/subgerente-supermercado-santo-domingo-at-centro-cuesta-nacional-4436247341,Subgerente Supermercado - Santo Domingo,Centro Cuesta Nacional,posted,2026-07-07T00:50:09.889495,106
49fba1c9684ed117,https://do.linkedin.com/jobs/view/humanitarian-mine-action-tfm-syria-at-reliefweb-4436490046,Humanitarian Mine Action - TFM - Syria,ReliefWeb,posted,2026-07-07T00:50:18.408875,108
e1a76a712e072dcb,https://do.linkedin.com/jobs/view/supervisor-de-control-de-inventario-at-empresa-confidencial-4437133162,Supervisor de control de inventario,Empresa Confidencial,posted,2026-07-07T00:50:29.027228,110
c5b97274426fb421,https://do.linkedin.com/jobs/view/business-development-manager-at-ccompass-4435294750,Business Development Manager,,scraped,2026-07-07T00:50:31.548447,
4d22da0065bf21cf,https://do.linkedin.com/jobs/view/tecnico-de-exploracion-geologist-helper-at-n-v-goudkust-4437474960,Tecnico de Exploracion - Geologist Helper,N.V.Goudkust,posted,2026-07-07T00:51:44.413980,72
cdc19c32a4fed822,https://do.linkedin.com/jobs/view/sales-director-at-business-it-4437408557,SALES DIRECTOR,Business IT,posted,2026-07-07T00:51:57.056626,112
214d1907ecc0d8ba,https://do.linkedin.com/jobs/view/community-manager-at-newlink%C2%AE-4435345186,Community Manager,Newlink®,posted,2026-07-07T00:52:06.306455,114
7228bb9c9ed37f32,https://do.linkedin.com/jobs/view/subencargado-de-tienda-at-mirgor-4431921977,Subencargado de tienda,Grupo Mirgor,posted,2026-07-07T00:52:18.459648,116
7093f0d16ccc83a0,https://do.linkedin.com/jobs/view/ch%C3%B3fer-categor%C3%ADa-2-mec%C3%A1nico-at-aviat-4436238410,Chófer categoría 2 (Mecánico),,scraped,2026-07-07T00:52:21.057608,
e0e8dd4596f08cc6,https://do.linkedin.com/jobs/view/request-for-information-syria-at-reliefweb-4436484343,Request for Information-Syria,ReliefWeb,posted,2026-07-07T00:52:34.497167,118
a9c4c1cb09ea7b7d,https://do.linkedin.com/jobs/view/analista-de-formalizaci%C3%B3n-punta-cana-at-blue-diamond-4434673230,Analista de formalización Punta Cana,,scraped,2026-07-07T00:52:37.125014,
8c731c6c0cf2c505,https://do.linkedin.com/jobs/view/analista-dise%C3%B1o-y-gesti%C3%B3n-organizacional-at-grupo-humano-4436344051,Analista Diseño y Gestión Organizacional,,scraped,2026-07-07T00:52:44.387591,
dda8b73a6d4b1469,https://do.linkedin.com/jobs/view/medical-marketing-specialist-at-nestl%C3%A9-4437476820,Medical Marketing Specialist,Nestlé,posted,2026-07-07T00:52:59.035689,120
9543475cff84f694,https://do.linkedin.com/jobs/view/ecommerce-operations-assistant-at-pandora-4431955300,eCommerce Operations Assistant,,scraped,2026-07-07T00:53:01.654949,
010de28f3729ab93,https://do.linkedin.com/jobs/view/credit-officer-national-position-at-reliefweb-4435167698,Credit Officer (National Position),ReliefWeb,posted,2026-07-07T00:54:18.353277,122
985271070f22845a,https://do.linkedin.com/jobs/view/analista-f%C3%ADsico-qu%C3%ADmico-at-ethical-pharmaceutical-4432393244,Analista Físico-Químico,,scraped,2026-07-07T00:54:21.011958,
10c4b2a47e209c37,https://do.linkedin.com/jobs/view/gestor-de-calidad-at-sofratesa-4435199699,Gestor de Calidad,SOFRATESA,posted,2026-07-07T00:55:41.084017,124
1386d002928e0bf4,https://do.linkedin.com/jobs/view/coordinador-administrativo-de-ventas-at-confidential-careers-4436422317,Coordinador administrativo de ventas,,scraped,2026-07-07T00:55:43.696009,
c041abec0a40359d,https://do.linkedin.com/jobs/view/director-a-de-hotel-at-confidential-careers-4437139986,Director/a de hotel,,scraped,2026-07-07T00:55:50.260010,
52fe1bcda1f1c4ce,https://do.linkedin.com/jobs/view/gerente-de-planta-at-alpla-group-4437491236,GERENTE DE PLANTA,,scraped,2026-07-07T00:55:56.495138,
351770e56980212f,https://do.linkedin.com/jobs/view/administrative-assistant-at-af-dmc-travel-4437475487,Administrative Assistant,,scraped,2026-07-07T00:56:03.529878,
b82c12cea96b08fb,https://do.linkedin.com/jobs/view/%E5%AE%89%E5%85%A8%E5%B7%A5%E7%A8%8B%E5%B8%88-at-tbea-xi-an-electric-technology-co-ltd-4435472785,安全工程师,,scraped,2026-07-07T00:56:09.967057,
9719a07255794071,https://do.linkedin.com/jobs/view/owner-at-marketing-touch-bd-4435386632,Owner,Marketing Touch.BD,posted,2026-07-07T00:56:24.819529,126
4e22b9c8d3527fe3,https://do.linkedin.com/jobs/view/operations-manager-at-hunter-paint-4436068026,Operations Manager,,scraped,2026-07-07T00:56:27.459113,
a0187d517d47934c,https://do.linkedin.com/jobs/view/%E7%BA%BF%E4%B8%8A%E8%BF%90%E8%90%A5%E4%B8%93%E5%91%98%EF%BC%88%E7%A7%BB%E5%8A%A8%E8%90%A5%E4%B8%9A%E5%8E%85%EF%BC%89-at-%E5%8C%97%E4%BA%AC%E8%8C%82%E5%8D%8E%E7%A7%91%E6%8A%80%E6%9C%89%E9%99%90%E5%85%AC%E5%8F%B8-4435776084,线上运营专员（移动营业厅）,北京茂华科技有限公司,failed|wp_post_failed,2026-07-07T00:57:39.341398,
f2d5ed92ebf6a1a0,https://do.linkedin.com/jobs/view/subgerente-tasaci%C3%B3n-de-bienes-at-banco-popular-dominicano-4432715172,Subgerente Tasación de Bienes,,scraped,2026-07-07T00:57:41.957425,
1c035ee48cd81271,https://do.linkedin.com/jobs/view/manager-sb-client-dinamic-caribbean-at-scotiabank-4434671893,Manager SB Client Dinamic Caribbean,,scraped,2026-07-07T00:57:48.841403,
80f2550c36fbf190,https://do.linkedin.com/jobs/view/elektrik%C3%A1%C5%99-at-coorstek-inc-4437480506,Elektrikář,"CoorsTek, Inc.",posted,2026-07-07T00:58:01.367448,128
b69c3a9a375f4d9a,https://do.linkedin.com/jobs/view/gateway-agent-at-dhl-express-4431896678,Gateway Agent,DHL Express,posted,2026-07-07T00:58:12.039484,130
1e89e07f648d8e1b,https://do.linkedin.com/jobs/view/%E9%AB%98%E4%B8%AD%E6%95%B0%E5%AD%A6%E3%80%81%E7%89%A9%E7%90%86%E3%80%81%E5%8C%96%E5%AD%A6%E5%AD%A6%E7%A7%91%E6%95%99%E5%B8%88-%E8%BE%BE%E5%B7%9E-at-%E6%9F%B3%E6%A2%A7%E6%96%B0%E5%8C%BA%E5%8A%B1%E5%AD%A6%E6%95%99%E8%82%B2%E7%A7%91%E6%8A%80%E6%9C%89%E9%99%90%E5%85%AC%E5%8F%B8-4435768761,高中数学、物理、化学学科教师(达州),柳梧新区励学教育科技有限公司,posted,2026-07-07T00:58:20.794290,132
e98fbf22a38c2a12,https://do.linkedin.com/jobs/view/analista-de-licitaciones-at-forlex-firma-consultora-4433967646,Analista de Licitaciones,,scraped,2026-07-07T00:58:23.422442,
91b734593e9414df,https://do.linkedin.com/jobs/view/digital-product-lead-at-scotiabank-4435292763,Digital Product Lead,,scraped,2026-07-07T00:59:35.626265,
eae30acafbb127fd,https://do.linkedin.com/jobs/view/maestro-a-de-matem%C3%A1ticas-nivel-primario-at-streamo-it-consulting-gmbh-4436125391,Maestro/a de Matemáticas Nivel Primario,,scraped,2026-07-07T01:00:45.594678,
456c82bde257b055,https://do.linkedin.com/jobs/view/meal-manager-at-reliefweb-4436485319,MEAL Manager,ReliefWeb,posted,2026-07-07T01:02:08.034036,134
fd78a5b94f74a597,https://do.linkedin.com/jobs/view/supervisor-de-proyecto-civil-at-confidencial-4436255154,Supervisor de proyecto civil,Confidencial,posted,2026-07-07T01:02:18.563249,136
2d313db1236655f9,https://do.linkedin.com/jobs/view/operations-supervisor-at-delmont-healthcare-bpo-4433706849,Operations Supervisor,,scraped,2026-07-07T01:02:21.165764,
79d68120fc939841,https://do.linkedin.com/jobs/view/asistente-ejecutiva-del-director-general-at-menamed-solutions-group-srl-4436220385,Asistente ejecutiva del director general,,scraped,2026-07-07T01:02:27.633238,
96146b9b470f1b71,https://do.linkedin.com/jobs/view/engineer-ii-ehs-at-bd-4435507604,"Engineer II, EHS",,scraped,2026-07-07T01:03:38.373826,
73877dafcdc2cf54,https://do.linkedin.com/jobs/view/call-for-proposals-innovative-climate-smart-irrigation-solutions-for-wheat-farmers-in-northwest-syria-at-reliefweb-4434643687,Call for Proposals - Innovative Climate-Smart Irrigation Solutions for Wheat Farmers in Northwest Syria,ReliefWeb,posted,2026-07-07T01:05:06.663625,138
201ee0071f46bf0a,https://do.linkedin.com/jobs/view/%E5%AE%89%E5%85%A8%E5%89%AF%E6%80%BB%E7%9B%91-at-%E7%89%B9%E5%8F%98%E7%94%B5%E5%B7%A5%E5%9B%BD%E9%99%85%E5%B7%A5%E7%A8%8B%E6%9C%89%E9%99%90%E5%85%AC%E5%8F%B8-4435496063,安全副总监,,scraped,2026-07-07T01:05:09.240487,
615685402986db79,https://do.linkedin.com/jobs/view/arquitecta-junior-at-pl%C3%A1sticos-comerciales-4437426088,Arquitecta Junior,,scraped,2026-07-07T01:05:16.443323,
96e890b804e7527b,https://do.linkedin.com/jobs/view/digital-marketing-specialist-advisors-consulting-services-at-mastercard-4414055168,Digital Marketing Specialist Advisors & Consulting Services,,scraped,2026-07-07T01:06:26.720002,
40d9f2482a0cbc32,https://do.linkedin.com/jobs/view/document-control-coordinator-at-jabil-4436222025,Document Control Coordinator,,scraped,2026-07-07T01:06:40.128332,
2fb887045a7e6877,https://do.linkedin.com/jobs/view/in%C5%BEen%C3%BDr-kvality-dodavatel%C5%AF-at-carrier-4431966807,Inženýr kvality dodavatelů,Carrier,posted,2026-07-07T01:06:55.274554,140
64933fc9f1f33fda,https://do.linkedin.com/jobs/view/business-analyst-at-spi-tc-by-jostens-4435792853,Business Analyst,SPI|TC by Jostens,posted,2026-07-07T01:07:05.660648,142
6098d9a14c39a8c9,https://do.linkedin.com/jobs/view/scientist-i-at-steris-4417779569,Scientist I,,scraped,2026-07-07T01:07:08.271299,
b1e47c1c3a4e3ac6,https://do.linkedin.com/jobs/view/head-of-sales-check-point-services-at-check-point-software-4436998509,"Head of Sales, Check Point Services",,scraped,2026-07-07T01:07:15.389231,
43c096845b23f268,https://do.linkedin.com/jobs/view/maestros-de-%C3%A1reas-at-colegio-civitas-4436738338,Maestros de áreas,Colegio Civitas,posted,2026-07-07T01:07:31.262929,144
3f5bceed44fcef36,https://do.linkedin.com/jobs/view/order-management-manager-at-kelvion-4426349963,Order Management Manager,,scraped,2026-07-07T01:07:33.920825,
945a9e56765c88cd,https://do.linkedin.com/jobs/view/chef-ejecutivo-at-confidencial-4432721116,Chef Ejecutivo,Confidencial,posted,2026-07-07T01:07:49.556490,146
ea3304d0493e3212,https://do.linkedin.com/jobs/view/analista-riesgo-tecnol%C3%B3gico-at-banesco-rep%C3%BAblica-dominicana-4435814861,Analista Riesgo Tecnológico,,scraped,2026-07-07T01:07:52.153291,
1965503dafc86484,https://do.linkedin.com/jobs/view/chofer-categor%C3%ADa-3-at-omegatech-4435252405,Chofer categoría 3.,,scraped,2026-07-07T01:08:00.210020,
d74abeae2d01da6e,https://do.linkedin.com/jobs/view/coordinador-de-proyectos-sociales-territoriales-at-goldquest-dominicana-4435812323,Coordinador de Proyectos Sociales Territoriales,GoldQuest Dominicana,posted,2026-07-07T01:10:26.384643,148
f8cb683057b5d6a6,https://do.linkedin.com/jobs/view/superintendente-de-relacionamiento-social-territorial-at-goldquest-dominicana-4435809400,Superintendente de Relacionamiento Social Territorial,GoldQuest Dominicana,posted,2026-07-07T01:11:41.829147,150
aa7ef356cf3f4e67,https://do.linkedin.com/jobs/view/director-de-proyectos-creativos-at-connaxis-4433979548,Director de proyectos creativos,,scraped,2026-07-07T01:11:44.549571,
cb54974f8e10e798,https://do.linkedin.com/jobs/view/technical-writer-b2b-social-media-search-seo-ai-referral-at-inair-4435524636,Technical Writer - B2B Social Media & Search (SEO/AI Referral),InAir,posted,2026-07-07T01:12:04.273541,152
586aa42c66da4e24,https://do.linkedin.com/jobs/view/asistente-administrativo-y-logistico-at-manpowergroup-caribe-y-centroam%C3%A9rica-4434664311,Asistente administrativo y logistico,,scraped,2026-07-07T01:12:06.859274,
e942e6b3cd5b7c18,https://do.linkedin.com/jobs/view/qa-automation-engineer-node-js-distributed-systems-at-applaudo-4436143430,QA Automation Engineer (Node.js & Distributed Systems),,scraped,2026-07-07T01:12:13.326797,
7bafed229a85f1a5,https://do.linkedin.com/jobs/view/manager-customer-interaction-suite-at-tata-communications-4427225396,Manager - Customer Interaction Suite,,scraped,2026-07-07T01:12:19.903337,
1926ad40c60ca078,https://do.linkedin.com/jobs/view/cajero-santiago-plaza-jorge-ii-at-banco-de-ahorro-y-cr%C3%A9dito-uni%C3%B3n-4435241651,Cajero / Santiago Plaza Jorge II,Banco de Ahorro y Crédito Unión,posted,2026-07-07T01:13:42.413543,154
87c30c8dd6c8f275,https://do.linkedin.com/jobs/view/quality-assurance-manager-sdq-at-horatio-4436780876,Quality Assurance Manager (SDQ),,scraped,2026-07-07T01:13:45.177820,
5509016ee9d8c034,https://do.linkedin.com/jobs/view/mid-level-cms-engineer-sanity-remote-latin-america-at-fullstack-4434636337,Mid-Level CMS Engineer (Sanity) - Remote - Latin America,,scraped,2026-07-07T01:14:07.182320,
328d3aafa9170314,https://do.linkedin.com/jobs/view/agentic-product-designer-remote-latin-america-at-fullstack-4417318882,Agentic Product Designer - Remote - Latin America,,scraped,2026-07-07T01:14:45.609356,
143a5bb47f44236c,https://do.linkedin.com/jobs/view/asistente-contable-at-altuvia-grupo-4437490232,Asistente contable,Altuvia Grupo,posted,2026-07-07T01:15:14.441951,156
174dce565efc4604,https://do.linkedin.com/jobs/view/preschool-principal-assistant-at-lam-school-international-4436737282,Preschool principal assistant,,scraped,2026-07-07T01:15:17.113489,
37d25e803dcb2746,https://do.linkedin.com/jobs/view/vendedor-santiago-at-the-retail-group-inc-4436001527,Vendedor (Santiago),,scraped,2026-07-07T01:15:25.717510,
e5b04d94c40dc53e,https://do.linkedin.com/jobs/view/avispon-repartidor-arroyo-hondo-at-bona-s-a-pizzarelli%C2%AE-trattoria-pizzarelli%C2%AE-4434671263,Avispon/repartidor (Arroyo Hondo),,scraped,2026-07-07T01:17:41.339812,
a23b36ab326e1795,https://do.linkedin.com/jobs/view/coordinadora-de-post-venta-y-garant%C3%ADa-at-grupo-germ%C3%A1n-4436225580,Coordinadora de post venta y garantía,Grupo Germán,posted,2026-07-07T01:19:25.510860,158
ee76afc14c3f58f0,https://do.linkedin.com/jobs/view/asociado-bpo-at-pwc-4433117388,Asociado BPO,PwC,posted,2026-07-07T01:19:36.069837,160
adc48e5d44a6d37b,https://do.linkedin.com/jobs/view/auxiliar-administrativo-en-puerto-plata-at-senator-hotels-resorts-4436247463,Auxiliar Administrativo en Puerto Plata,,scraped,2026-07-07T01:19:38.730051,
381bc5f4f65b4870,https://do.linkedin.com/jobs/view/procurement-and-planning-manager-at-brenntag-4426525225,Procurement and Planning Manager,Brenntag,posted,2026-07-07T01:21:04.500770,162
169dfb638d1bf217,https://do.linkedin.com/jobs/view/manager-sales-and-commercialization-sme-%E2%80%93-central-america-the-caribbean-at-mastercard-4431979511,"Manager, Sales and Commercialization, SME – Central America & The Caribbean",,scraped,2026-07-07T01:21:07.259745,
68d58edad8b825c3,https://do.linkedin.com/jobs/view/chofer-at-tupaq-courier-cargo-4437445581,Chofer,,scraped,2026-07-07T01:21:48.962091,
7f5f394f97ecc9f4,https://do.linkedin.com/jobs/view/agentic-product-designer-remote-latin-america-at-fullstack-4417326684,Agentic Product Designer - Remote - Latin America,,scraped,2026-07-07T01:21:55.370790,
52da1eea0c5484ae,https://do.linkedin.com/jobs/view/agentic-elixir-engineer-remote-latin-america-at-fullstack-4387996613,Agentic Elixir Engineer - Remote - Latin America,,scraped,2026-07-07T01:23:21.972285,
5f06bce3edff8fcf,https://do.linkedin.com/jobs/view/global-governance-and-security-experts-at-ntu-international-a-s-4437409120,Global Governance and Security Experts,,scraped,2026-07-07T01:23:46.493043,
bdd2d1c698526939,https://do.linkedin.com/jobs/view/mid-level-cms-engineer-sanity-remote-latin-america-at-fullstack-4434639251,Mid-Level CMS Engineer (Sanity) - Remote - Latin America,,scraped,2026-07-07T01:23:53.774569,
aa076edb912e3185,https://do.linkedin.com/jobs/view/data-platform-engineer-at-lumenalta-4436993632,Data Platform Engineer,,scraped,2026-07-07T01:24:12.300023,
d715489a41bff275,https://do.linkedin.com/jobs/view/agentic-product-designer-remote-latin-america-at-fullstack-4417331697,Agentic Product Designer - Remote - Latin America,,scraped,2026-07-07T01:24:35.798109,
f355c1443efc9768,https://do.linkedin.com/jobs/view/principal-data-engineer-remote-latin-america-at-fullstack-4436439090,Principal Data Engineer - Remote - Latin America,,scraped,2026-07-07T01:24:42.961037,
0a412264fcfccab4,https://do.linkedin.com/jobs/view/client-intake-specialist-immigration-at-emapta-global-4433571462,Client Intake Specialist - Immigration,,scraped,2026-07-07T01:25:09.579427,
e0a756d9cd734810,https://do.linkedin.com/jobs/view/agentic-product-designer-remote-latin-america-at-fullstack-4417338480,Agentic Product Designer - Remote - Latin America,,scraped,2026-07-07T01:25:16.094693,
c03127bdabfb9ec4,https://do.linkedin.com/jobs/view/agentic-aws-devops-engineer-remote-latin-america-at-fullstack-4407593443,Agentic AWS DevOps Engineer - Remote - Latin America,,scraped,2026-07-07T01:25:23.198786,
7c4533f862e8f17a,https://do.linkedin.com/jobs/view/english-teacher-at-liahona-academy-4436932158,English Teacher,Liahona Academy,posted,2026-07-07T01:26:44.018450,164
1d8f474685d95a9d,https://do.linkedin.com/jobs/view/junior-postdoc-researcher-%E2%80%93-transient-current-technique-274-at-physics-world-4435042733,Junior/Postdoc Researcher – Transient Current Technique (274),,scraped,2026-07-07T01:26:46.556507,
189c7d761fbc7e26,https://do.linkedin.com/jobs/view/workshop-manager-at-dp-world-4432705485,Workshop Manager,,scraped,2026-07-07T01:27:57.424030,
33c4510abf89d5d0,https://do.linkedin.com/jobs/view/director-of-sales-remote-at-four-seasons-4427575346,Director of Sales (Remote),Four Seasons,posted,2026-07-07T01:28:15.181096,166
7b7b2e2e71d1eb1a,https://do.linkedin.com/jobs/view/pueblo-viejo-operador-a-de-residuos-y-servicios-at-barrick-mining-corporation-4403625878,Pueblo Viejo - Operador(a) de Residuos y Servicios,,scraped,2026-07-07T01:28:17.788822,
8c64945381dcd2ac,https://do.linkedin.com/jobs/view/ing-l%C3%ADder-de-proyectos-de-construcci%C3%B3n-biling%C3%BCe-at-d-c-consulting-4435173004,Ing. Líder de Proyectos de Construcción (Bilingüe),,scraped,2026-07-07T01:28:24.382468,
1ddaae0d5597a4e2,https://do.linkedin.com/jobs/view/encargado-de-prevenci%C3%B3n-y-seguridad-at-grupo-ramos-4437186850,Encargado de Prevención y Seguridad,,scraped,2026-07-07T01:28:30.853036,
cdb7fc4617d11e37,https://do.linkedin.com/jobs/view/planner-de-mantenimiento-at-industrias-san-miguel-4431951430,Planner de Mantenimiento,,scraped,2026-07-07T01:28:37.482712,
77ced012c1c26811,https://do.linkedin.com/jobs/view/assistant-bookkeeper-at-workbetternow-4437483167,Assistant Bookkeeper,,scraped,2026-07-07T01:28:46.363677,
3661258fbef699d4,https://do.linkedin.com/jobs/view/freelance-patent-linguists-english-into-multiple-european-languages-at-welocalize-4436206315,Freelance Patent Linguists | English into Multiple European Languages,Welocalize,posted,2026-07-07T01:29:26.276259,168
c1720c07d8556f45,https://do.linkedin.com/jobs/view/trainee-in-application-lab-at-stmicroelectronics-4377848452,Trainee in Application Lab,STMicroelectronics,posted,2026-07-07T01:30:02.471899,170
b55dd8b40b7c66e3,https://do.linkedin.com/jobs/view/gerente-de-recepci%C3%B3n-at-hyatt-4432704690,Gerente de Recepción,Hyatt,posted,2026-07-07T01:30:25.315934,172
8ea61815b9730559,https://do.linkedin.com/jobs/view/ejecutiva-de-cuentas-sr-brand-asset-manager-sr-at-pag%C3%A9s-bbdo-4434651411,Ejecutiva de Cuentas Sr.  (Brand Asset Manager Sr.),,scraped,2026-07-07T01:30:28.035084,
f0b1d2388f387600,https://do.linkedin.com/jobs/view/sports-data-collector-basketball-la-romana-dominican-republic-at-genius-sports-4435829924,"Sports Data Collector (Basketball) - La Romana, Dominican Republic",,scraped,2026-07-07T01:30:34.322994,
3761f91adf3b899a,https://do.linkedin.com/jobs/view/mec%C3%A1nico-de-estructuras-aprendiz-no-licenciado-punta-cana-at-avia-solutions-group-4435109639,Mecánico de Estructuras Aprendiz (No Licenciado) Punta Cana,,scraped,2026-07-07T01:30:40.799620,
e768b215d228398f,https://do.linkedin.com/jobs/view/representante-de-ventas-republica-dominicana-at-johnson-johnson-innovative-medicine-4435159872,Representante de Ventas - Republica Dominicana,,scraped,2026-07-07T01:30:48.843871,
2be3b7f09aa191dc,https://do.linkedin.com/jobs/view/analista-de-rede-at-humatech-4436219546,Analista de rede,,scraped,2026-07-07T01:31:03.146735,
fef9ef3a621f7efe,https://do.linkedin.com/jobs/view/administrative-assistant-at-xploy-solutions-4436215201,Administrative Assistant,,scraped,2026-07-07T01:31:09.695575,
90ac2178c28156a9,https://do.linkedin.com/jobs/view/vendedor-at-dy-suplidores-diversos-4436342123,VENDEDOR,DY' SUPLIDORES DIVERSOS,posted,2026-07-07T01:31:58.711007,174
35ebad86826bc72b,https://do.linkedin.com/jobs/view/mobile-clinics-nurse-syria-hama-at-reliefweb-4436477517,Mobile Clinics Nurse (Syria - Hama ),ReliefWeb,posted,2026-07-07T01:32:22.213058,176
61e5991c444cb644,https://do.linkedin.com/jobs/view/teacher-tvet-idleb-maaret-misrin-city-at-reliefweb-4434951017,Teacher (TVET) - Idleb (Maaret Misrin city),ReliefWeb,posted,2026-07-07T01:32:46.189105,178
23515955d0dcb852,https://do.linkedin.com/jobs/view/private-sector-engagement-and-investment-promotion-experts-at-ntu-international-a-s-4436738630,Private Sector Engagement and Investment Promotion Experts,,scraped,2026-07-07T01:32:48.842006,
8ac5898f59646d50,https://do.linkedin.com/jobs/view/vendedor-la-romana-at-the-retail-group-inc-4436011069,Vendedor (La Romana),,scraped,2026-07-07T01:32:56.036242,
6b00e151a153c57c,https://do.linkedin.com/jobs/view/business-development-manager-at-dsv-global-transport-and-logistics-4434684604,Business Development Manager,,scraped,2026-07-07T01:33:02.517323,
bbe8d4248a5c4364,https://do.linkedin.com/jobs/view/recepcionista-biling%C3%BCe-at-empresa-confidencial-4434158613,Recepcionista bilingüe,Empresa Confidencial,posted,2026-07-07T01:33:18.540188,180
4d9953438110a770,https://do.linkedin.com/jobs/view/%E9%87%91%E8%9E%8D%E7%90%86%E8%B4%A2%E7%BB%8F%E7%90%86%EF%BC%88%E5%87%AF%E9%87%8C%EF%BC%89-at-%E5%9B%BD%E6%B3%B0%E5%90%9B%E5%AE%89%E8%AF%81%E5%88%B8%E8%82%A1%E4%BB%BD%E6%9C%89%E9%99%90%E5%85%AC%E5%8F%B8%E8%B4%B5%E5%B7%9E%E5%88%86%E5%85%AC%E5%8F%B8-4435748969,金融理财经理（凯里）,国泰君安证券股份有限公司贵州分公司,failed|wp_post_failed,2026-07-07T01:33:26.002253,
23708c880388c701,https://do.linkedin.com/jobs/view/contador-a-general-at-hyatt-4397960851,Contador(a) General,Hyatt,posted,2026-07-07T01:33:39.335449,182
33212f57140e0af8,https://do.linkedin.com/jobs/view/t%C3%A9cnico-seguridad-industrial-at-c%C3%A9sar-iglesias-s-a-4437453329,Técnico Seguridad Industrial,,scraped,2026-07-07T01:33:41.942891,
b9febe27f583816a,https://do.linkedin.com/jobs/view/production-supervisor-i-b-4-00pm-to-1-00am-at-b-braun-medical-inc-us-4434355903,Production Supervisor - I (B 4:00pm to 1:00am)),,scraped,2026-07-07T01:33:48.980243,
249ee4008fa31eb2,https://do.linkedin.com/jobs/view/coordinadora-administrativa-at-grupo-noval-4437185400,Coordinadora Administrativa,,scraped,2026-07-07T01:34:22.373978,
fd5b5e141638b849,https://do.linkedin.com/jobs/view/assistant-manager-personal-banking-regi%C3%B3n-este-at-scotiabank-4435480560,Assistant Manager Personal Banking - Región Este,,scraped,2026-07-07T01:34:28.610633,
098502a80c89f12f,https://do.linkedin.com/jobs/view/supervisory-intelligence-research-specialist-group-supervisor-at-drug-enforcement-administration-4430253286,Supervisory Intelligence Research Specialist (Group Supervisor),Drug Enforcement Administration,posted,2026-07-07T01:34:44.076291,184
a44d8dea1ce00f41,https://do.linkedin.com/jobs/view/thryv-success-specialist-at-thryv-4436261025,Thryv Success Specialist,,scraped,2026-07-07T01:34:46.794704,
da9a04b690ee5501,https://do.linkedin.com/jobs/view/promotor-afp-popular-zona-norte-at-banco-popular-dominicano-4433985494,Promotor AFP Popular Zona Norte,,scraped,2026-07-07T01:34:58.638916,
6f108f4af0be3784,https://do.linkedin.com/jobs/view/vie-adjoint-a-la-direction-des-operations-h-f-republique-dominicaine-at-gbh-group-4431953192,VIE - ADJOINT A LA DIRECTION DES OPERATIONS (H/F) - REPUBLIQUE DOMINICAINE,,scraped,2026-07-07T01:35:05.750895,
5d8266bec4f983bf,https://do.linkedin.com/jobs/view/shopper-development-manager-at-colgate-palmolive-4434398748,Shopper Development Manager,Colgate-Palmolive,posted,2026-07-07T01:35:23.282081,186
fe10538197aad157,https://do.linkedin.com/jobs/view/functional-analyst-financial-aid-edtech-at-talengage-4431599110,Functional Analyst (Financial Aid/Edtech),Talengage,posted,2026-07-07T01:35:33.945848,188
fb718524af8b3651,https://do.linkedin.com/jobs/view/officer-corporate-security-turno-nocturno-at-bd-4436476583,"Officer, Corporate Security - Turno Nocturno",,scraped,2026-07-07T01:35:36.533930,
92b9a69bf62870f0,https://do.linkedin.com/jobs/view/training-specialist-at-airlink-distribution-inc-4437190399,Training Specialist,,scraped,2026-07-07T01:35:50.701936,
eedc796fe06dd31a,https://do.linkedin.com/jobs/view/digital-experts-at-ntu-international-a-s-4437174064,Digital Experts,,scraped,2026-07-07T01:36:01.424697,
6535e9757012ee17,https://do.linkedin.com/jobs/view/%E8%B0%83%E8%AF%95%E5%B7%A5%E7%A8%8B%E5%B8%88-at-yinghe-technology-4437108924,调试工程师,,scraped,2026-07-07T01:36:08.398295,
cb99fbdc049ffd35,https://do.linkedin.com/jobs/view/senior-software-architect-c%23-angular-ai-first-govtech-saas-company-at-truelogic-software-4435312286,Senior Software Architect (C#/Angular/AI First) - GovTech SaaS company,Truelogic Software,posted,2026-07-07T01:36:27.606853,190
266a981cf35666ab,https://do.linkedin.com/jobs/view/senior-data-platform-engineer-%E2%80%93-veterinary-technology-dr-at-truelogic-software-4434923355,Senior Data & Platform Engineer – Veterinary Technology | DR,,scraped,2026-07-07T01:36:30.201608,
58c01ac8f8f7a86a,https://do.linkedin.com/jobs/view/material-handle-at-eaton-4432702277,Material Handle,Eaton,posted,2026-07-07T01:37:33.743261,192
5888930e7fb39800,https://do.linkedin.com/jobs/view/%E7%85%A4%E5%88%B6%E6%B0%94%E9%A1%B9%E7%9B%AE%E5%8A%A8%E5%8A%9B%E9%A1%B9%E7%9B%AE%E9%83%A8%EF%BC%88%E8%BD%A6%E9%97%B4%EF%BC%89%E5%80%BC%E7%8F%AD%E9%95%BF-at-tbea-xi-an-electric-technology-co-ltd-4434351450,煤制气项目动力项目部（车间）值班长,,scraped,2026-07-07T01:37:36.352117,
cb7cef056adfb4f0,https://do.linkedin.com/jobs/view/design-mechanical-engineer-for-manufacturing-engineering-at-vertiv-4434613873,Design Mechanical Engineer for Manufacturing engineering,,scraped,2026-07-07T01:37:43.061169,
710feddc5c2e1453,https://do.linkedin.com/jobs/view/finance-analyst-mfg-operations-f-m-at-te-connectivity-4435152789,Finance Analyst - MFG & Operations (F/M),TE Connectivity,posted,2026-07-07T01:38:14.304565,194
10b9f29efd7ff664,https://do.linkedin.com/jobs/view/customer-care-associate-with-german-or-italian-sensitech-at-carrier-4432747752,Customer Care Associate with German or Italian - Sensitech,,scraped,2026-07-07T01:38:17.011977,
4768c6a4063a0bca,https://do.linkedin.com/jobs/view/%E7%85%A4%E5%88%B6%E6%B0%94%E9%A1%B9%E7%9B%AE%E5%8A%A8%E5%8A%9B%E9%A1%B9%E7%9B%AE%E9%83%A8%EF%BC%88%E8%BD%A6%E9%97%B4%EF%BC%89%E5%80%BC%E7%8F%AD%E9%95%BF-at-%E7%89%B9%E5%8F%98%E7%94%B5%E5%B7%A5%E5%9B%BD%E9%99%85%E5%B7%A5%E7%A8%8B%E6%9C%89%E9%99%90%E5%85%AC%E5%8F%B8-4431912157,煤制气项目动力项目部（车间）值班长,,scraped,2026-07-07T01:38:53.838975,
721d5f714f477f31,https://do.linkedin.com/jobs/view/coordinator-scm-logistics-at-eaton-4425366702,Coordinator.SCM.Logistics,Eaton,posted,2026-07-07T01:39:45.239718,196
3d4ef48a31692b60,https://do.linkedin.com/jobs/view/scrum-master-at-newtech-s-r-l-4434486741,Scrum Master,,scraped,2026-07-07T01:39:47.866200,
2a3a81f9b623a947,https://do.linkedin.com/jobs/view/credit-controller-ar-with-romanian-and-bulgarian-at-carrier-4433918711,Credit Controller AR with Romanian and Bulgarian,,scraped,2026-07-07T01:39:56.648007,
cfa5d1ea61fa6677,https://do.linkedin.com/jobs/view/destination-services-sales-rep-local-residents-at-tui-4436707437,Destination Services Sales Rep | Local Residents,,scraped,2026-07-07T01:40:20.140140,
0f593a4335855edd,https://do.linkedin.com/jobs/view/inclusive-and-sustainable-economic-integration-experts-at-ntu-international-a-s-4436733016,Inclusive and Sustainable Economic Integration Experts,,scraped,2026-07-07T01:40:27.855478,
24de79affce3022d,https://do.linkedin.com/jobs/view/dra-en-postquirurgico-4437445732,Dra en Postquirurgico,Consultório medico privado de Cirugia Plastica,posted,2026-07-07T01:40:39.756684,198
7e52cedbc3a985b8,https://do.linkedin.com/jobs/view/principal-full-stack-engineer-net-angular-ai-first-development-software-at-truelogic-software-4436780994,Principal Full-Stack Engineer (.NET/Angular) (AI-First Development) - Software,Truelogic Software,posted,2026-07-07T01:41:11.971081,200
41b4ef6fa8c908db,https://do.linkedin.com/jobs/view/full-stack-developer-net-developer-at-perform-4398415193,Full Stack Developer (.NET Developer),,scraped,2026-07-07T01:41:14.660928,
0d69fc0e2af93920,https://do.linkedin.com/jobs/view/temporary-receptionist-at-broadway-support-services-4416953687,Temporary Receptionist,,scraped,2026-07-07T01:41:28.924823,
64161f49d16bd9b7,https://do.linkedin.com/jobs/view/coordinador-a-proyecto-financiamiento-clim%C3%A1tico-cadenas-de-valor-de-caf%C3%A9-y-cacao-at-voluntarios-onu-am%C3%A9rica-latina-y-el-caribe-4435450252,Coordinador/a Proyecto Financiamiento Climático Cadenas de Valor de Café y Cacao,Voluntarios ONU América Latina y el Caribe,posted,2026-07-07T01:41:46.876654,202
1c3585b56e1aaf8d,https://do.linkedin.com/jobs/view/assistant-for-production-at-vertiv-4436758282,Assistant for Production,Vertiv,posted,2026-07-07T01:42:46.934713,204
91bb4c98dd91815e,https://do.linkedin.com/jobs/view/customer-care-professional-at-solugenix-4435183443,Customer Care Professional,,scraped,2026-07-07T01:42:49.581805,
35f4c7aee43b3307,https://do.linkedin.com/jobs/view/mobile-clinics-midwife-syria-hama-at-reliefweb-4436486261,Mobile Clinics Midwife (Syria - Hama ),ReliefWeb,posted,2026-07-07T01:43:06.866155,206
63661c020ce29598,https://do.linkedin.com/jobs/view/%E8%BE%BE%E5%B7%9E%E5%8C%BB%E8%8D%AF%E4%BB%A3%E8%A1%A8-at-%E5%8D%97%E4%BA%AC%E6%AD%A3%E5%A4%A7%E5%A4%A9%E6%99%B4%E5%88%B6%E8%8D%AF%E6%9C%89%E9%99%90%E5%85%AC%E5%8F%B8-4435721859,达州医药代表,,scraped,2026-07-07T01:43:09.407037,
05e0a120c414937d,https://do.linkedin.com/jobs/view/implementador-programaci%C3%B3n-at-totalenergies-4425936161,Implementador Programación.,,scraped,2026-07-07T01:43:17.327328,
7542a8bdb9c65566,https://do.linkedin.com/jobs/view/%E5%94%AE%E5%90%8E%E6%9C%8D%E5%8A%A1%E5%B7%A5%E7%A8%8B%E5%B8%88%EF%BC%88%E9%BB%94%E4%B8%9C%E5%8D%97%E5%B8%82%E5%8C%BA%E5%8F%8A%E9%83%8A%E5%8E%BF%E4%B9%A1%E9%95%87%EF%BC%89-at-%E4%B8%8A%E6%B5%B7%E6%AF%94%E6%88%B7%E7%8E%AF%E4%BF%9D%E7%A7%91%E6%8A%80%E6%9C%89%E9%99%90%E5%85%AC%E5%8F%B8-4435757816,售后服务工程师（黔东南市区及郊县乡镇）,上海比户环保科技有限公司,failed|wp_post_failed,2026-07-07T01:44:04.105602,
13858e92c6f21da6,https://do.linkedin.com/jobs/view/coordinador-de-mantenimiento-proyectos-at-eaton-4413622279,Coordinador de Mantenimiento (Proyectos),Eaton,posted,2026-07-07T01:44:51.124602,208
b16130878d2c313e,https://do.linkedin.com/jobs/view/gerente-industry-solutions-at-deloitte-4435864094,Gerente Industry Solutions,Deloitte,posted,2026-07-07T01:45:00.625225,210
7b5e1d7deadaaa6c,https://do.linkedin.com/jobs/view/opt%C3%B3metra-junior-at-pricesmart-4433189586,Optómetra Junior,,scraped,2026-07-07T01:45:03.200009,
2388e37ff438e7e5,https://do.linkedin.com/jobs/view/%E5%9B%BD%E4%BC%81%E5%8D%95%E4%BD%8D%E5%AE%89%E6%A3%80-%E8%BE%85%E8%AD%A6%E3%80%90%E4%BA%94%E9%99%A9%E4%B8%80%E9%87%91%2B%E5%8C%85%E9%A3%9F%E5%AE%BF-%E3%80%91-at-%E4%B8%8A%E6%B5%B7%E5%B1%95%E9%94%A6%E4%BC%81%E4%B8%9A%E7%AE%A1%E7%90%86%E6%9C%89%E9%99%90%E5%85%AC%E5%8F%B8-4435750228,国企单位安检 辅警【五险一金+包食宿 】,上海展锦企业管理有限公司,posted,2026-07-07T01:46:12.551256,212
06e29dcf8fe573f2,https://do.linkedin.com/jobs/view/gerente-de-ventas-sal%C3%B3n-at-santo-domingo-motors-4434354747,Gerente de Ventas Salón,Santo Domingo Motors,posted,2026-07-07T01:46:25.504983,214
9f24db4de8a7154a,https://do.linkedin.com/jobs/view/especialista-sr-de-adquisicion-de-talento-at-cardinal-health-4425336588,Especialista Sr de Adquisicion de Talento,Cardinal Health,posted,2026-07-07T01:47:19.510588,216
d4f510b56d229843,https://do.linkedin.com/jobs/view/mobile-clinic-doctor-general-pediatrician-gynecologist-syria-hama-at-reliefweb-4436486260,"Mobile Clinic Doctor ""General, Pediatrician, Gynecologist"" - (Syria - Hama)",ReliefWeb,posted,2026-07-07T01:47:39.323974,218
43b117611b5fda80,https://do.linkedin.com/jobs/view/full-stack-developer-python-at-perform-4415707267,Full Stack Developer (Python),,scraped,2026-07-07T01:47:41.920946,
c1c1db934872df51,https://do.linkedin.com/jobs/view/osh-admin-executive-at-tui-4436304481,OSH Admin Executive,,scraped,2026-07-07T01:48:17.069686,
5c088795a1475737,https://do.linkedin.com/jobs/view/supervisor-de-taller-at-brink%E2%80%99s-inc-4436357978,Supervisor de Taller,,scraped,2026-07-07T01:48:25.957270,
f13440c6ef00aa26,https://do.linkedin.com/jobs/view/healthcare-specialist-at-xploy-solutions-4436221069,Healthcare Specialist,,scraped,2026-07-07T01:48:43.965413,
281edc48303dd614,https://do.linkedin.com/jobs/view/performance-analyst-social-commerce-affiliate-at-chai-vision-4435309821,"Performance Analyst, Social Commerce & Affiliate",,scraped,2026-07-07T01:49:06.978388,
72a1249f56644f12,https://do.linkedin.com/jobs/view/prequalification-specialist-bss-at-broadway-support-services-4432009999,Prequalification Specialist - BSS,,scraped,2026-07-07T01:49:42.364196,
66cd620ecd6a1567,https://do.linkedin.com/jobs/view/oficial-especializado-de-recuperaci%C3%B3n-de-cuentas-castigadas-at-banco-santa-cruz-rd-4435307845,Oficial Especializado de Recuperación de Cuentas Castigadas,Banco Santa Cruz RD,posted,2026-07-07T01:50:33.941057,220
f9afc3a007e2d051,https://do.linkedin.com/jobs/view/%E9%80%A0%E4%BB%B7%E5%B7%A5%E7%A8%8B%E5%B8%88-at-tbea-xi-an-electric-technology-co-ltd-4435487011,造价工程师,,scraped,2026-07-07T01:50:36.533037,
683096118fa72f6a,https://do.linkedin.com/jobs/view/quality-assistant-at-eaton-4433188605,Quality Assistant,Eaton,posted,2026-07-07T01:51:26.931832,222
099352d46e43285f,https://do.linkedin.com/jobs/view/vie-deputy-program-at-faurecia-4436393638,VIE Deputy Program,Faurecia,posted,2026-07-07T01:51:38.912397,224
3e8767e4f6c624e5,https://do.linkedin.com/jobs/view/l%C3%ADder-posicionamiento-de-marca-qik-at-banco-popular-dominicano-4433716286,Líder Posicionamiento de Marca (QIK),,scraped,2026-07-07T01:51:41.558244,
1e0f119737a39b07,https://do.linkedin.com/jobs/view/maestra-lengua-espa%C3%B1ola-nivel-primario-at-streamo-it-consulting-gmbh-4436129232,Maestra Lengua Española Nivel Primario,,scraped,2026-07-07T01:51:47.970648,
7859f63c992182ee,https://do.linkedin.com/jobs/view/subgerente-celula-hipotecaria-at-banco-popular-dominicano-4435267508,SUBGERENTE CELULA HIPOTECARIA,,scraped,2026-07-07T01:51:56.333006,
83b5c716d5253ea1,https://do.linkedin.com/jobs/view/customer-service-officer-cso-at-scotiabank-4435479518,Customer Service Officer (CSO),,scraped,2026-07-07T01:52:03.019579,
382ef4f21378535e,https://do.linkedin.com/jobs/view/gcp-devops-engineer-%E2%80%93-senior-at-lumenalta-4437414114,GCP DevOps Engineer – Senior,,scraped,2026-07-07T01:52:09.383733,
c3340b0bc45aa324,https://do.linkedin.com/jobs/view/agente-comercial-monte-cristi-at-atl%C3%A1ntica-seguros-s-a-4435244620,Agente Comercial Monte Cristi,,scraped,2026-07-07T01:52:26.857915,
0941f54957c3ab65,https://do.linkedin.com/jobs/view/maestra-lengua-espa%C3%B1ola-nivel-secundario-at-streamo-it-consulting-gmbh-4436121774,Maestra Lengua Española Nivel Secundario,,scraped,2026-07-07T01:52:34.367367,
0d2e94d270afbb5a,https://do.linkedin.com/jobs/view/full-stack-developer-react-redux-at-perform-4384080780,Full Stack Developer (React/Redux),,scraped,2026-07-07T01:52:42.039420,
63fffb85f5b56c67,https://do.linkedin.com/jobs/view/supervisor-quality-at-integer-holdings-corporation-4428163962,"Supervisor, Quality",,scraped,2026-07-07T01:53:40.785237,
ec64709f7122836e,https://do.linkedin.com/jobs/view/arquitecto-junior-at-asec-constructora-4436989923,Arquitecto Junior,ASEC Constructora,posted,2026-07-07T01:54:54.500460,226
8adbdeb7f957ff08,https://do.linkedin.com/jobs/view/regional-technical-manager-at-accelleron-4361287099,Regional Technical Manager,,scraped,2026-07-07T01:54:57.154143,
fd4e352a4f231756,https://do.linkedin.com/jobs/view/%E5%9B%BD%E4%BC%81%E7%BB%AD%E4%BF%9D%E5%8F%8C%E4%BC%91%2B%E8%8A%82%E5%81%87%E6%97%A5%E5%B8%A6%E8%96%AA%E4%BC%91%E5%81%87%2B%E5%8F%AF%E5%B0%8F%E7%99%BD-at-china-continent-property-casualty-insurance-company-ltd-4435735101,国企续保双休+节假日带薪休假+可小白,,scraped,2026-07-07T01:55:04.221338,
2811eb5f38aecd5b,https://do.linkedin.com/jobs/view/quality-engineer-ii-operations-at-b-braun-medical-inc-us-4392480139,Quality Engineer - II (Operations),,scraped,2026-07-07T01:55:18.870217,
c720e11af1eb8b49,https://do.linkedin.com/jobs/view/customer-service-specialist-at-dsv-global-transport-and-logistics-4435234205,Customer Service Specialist,,scraped,2026-07-07T01:55:37.325754,
c032b5ab550c74cd,https://do.linkedin.com/jobs/view/chief-steward-at-the-classic-gourmet-h-a-srl-4437425456,CHIEF STEWARD,"The Classic Gourmet H&A, SRL",posted,2026-07-07T01:55:51.724994,228
44e4bb9489682ff4,https://do.linkedin.com/jobs/view/encargado-de-caja-at-agente-de-remesas-y-cambio-capla-4436750012,Encargado de caja,,scraped,2026-07-07T01:55:54.426969,
a00871a7fe0c7648,https://do.linkedin.com/jobs/view/%E5%86%B6%E9%87%91%E6%8A%80%E6%9C%AF%E5%91%98-at-%E6%B7%B1%E5%9C%B3%E7%9B%9B%E5%B1%AF%E9%9B%86%E5%9B%A2%E6%9C%89%E9%99%90%E5%85%AC%E5%8F%B8-4435771569,冶金技术员,深圳盛屯集团有限公司,failed|wp_post_failed,2026-07-07T01:56:19.521449,
00f00eec89c11f6d,https://do.linkedin.com/jobs/view/electronic-security-operator-at-gbs-dominican-republic-4436417327,Electronic Security Operator,GBS Dominican Republic,posted,2026-07-07T01:56:31.819491,230
6445ef98e84622e5,https://do.linkedin.com/jobs/view/representante-de-ventas-call-center-espa%C3%B1ol-at-guild-srl-move-4436797330,Representante de ventas call center (español),,scraped,2026-07-07T01:56:34.432927,
ff4fa785274f7abd,https://do.linkedin.com/jobs/view/asistente-gesti%C3%B3n-humana-temporal-at-consorcio-remix-4437459842,Asistente Gestión Humana (Temporal),,scraped,2026-07-07T01:56:42.003826,
e8b9f8b8cf6d01f2,https://do.linkedin.com/jobs/view/abogado-biling%C3%BCe-at-azc-abogados-4436373037,Abogado Bilingüe,,scraped,2026-07-07T01:56:48.636234,
321cb04863baeca1,https://do.linkedin.com/jobs/view/vendedor-afiliador-de-negocios-at-d-c-consulting-4436418607,Vendedor Afiliador de Negocios,D&C Consulting,posted,2026-07-07T01:57:30.558982,232
0bb965edd9c05a77,https://do.linkedin.com/jobs/view/senior-product-engineer-%E2%80%93-factory-integration-at-hyva-4436086910,Senior Product Engineer – Factory Integration,,scraped,2026-07-07T01:57:33.142110,
befd14b6322790d7,https://do.linkedin.com/jobs/view/accountant-vacation-rental-industry-at-howard-4436934383,Accountant (Vacation Rental Industry),,scraped,2026-07-07T01:57:39.978645,
3ee1c2082dbf5cd6,https://do.linkedin.com/jobs/view/dise%C3%B1ador-gr%C3%A1fico-qik-at-banco-popular-dominicano-4432712359,Diseñador Gráfico (QIK),,scraped,2026-07-07T01:59:05.145109,
c80ca77fb91a6d6b,https://do.linkedin.com/jobs/view/freelance-grabaci%C3%B3n-de-tareas-cotidianas-para-proyecto-de-ia-at-toloka-annotators-4435136488,Freelance: grabación de tareas cotidianas para proyecto de IA,,scraped,2026-07-07T01:59:11.981014,
d5ec47a247e0614a,https://do.linkedin.com/jobs/view/senior-full-stack-engineer-python-react-advertising-at-truelogic-software-4436419056,Senior Full-stack Engineer (Python/React) - Advertising,,scraped,2026-07-07T01:59:26.755549,
805dca723dabe2c5,https://do.linkedin.com/jobs/view/data-finops-engineer-at-lumenalta-4437420219,Data & FinOps Engineer,,scraped,2026-07-07T01:59:46.094575,
e1ca0b05c81e31ca,https://do.linkedin.com/jobs/view/senior-industrialization-test-engineer-at-eaton-4421952597,Senior Industrialization Test Engineer,Eaton,posted,2026-07-07T02:00:49.323973,234
cd89a81837310e29,https://do.linkedin.com/jobs/view/%E6%9C%88%E5%9D%878k%E9%AB%98%E8%96%AA%E4%BA%AC%E4%B8%9C%E5%AE%A2%E6%9C%8D%E5%B2%97%EF%BC%8B%E7%A4%BE%E4%BF%9D%EF%BC%8B%E5%8D%95%E5%8F%8C-at-%E5%B9%BF%E5%B7%9E%E5%B8%82%E6%AF%85%E8%88%AA%E9%80%9A%E4%BF%A1%E6%8A%80%E6%9C%AF%E6%9C%89%E9%99%90%E5%85%AC%E5%8F%B8-4435733594,月均8K高薪京东客服岗＋社保＋单双,,scraped,2026-07-07T02:00:51.875004,
3610706c9167265a,https://do.linkedin.com/jobs/view/pack-fqc-at-%E8%BE%BD%E5%AE%81%E5%AE%8F%E6%88%90%E7%94%B5%E5%8A%9B%E8%82%A1%E4%BB%BD%E6%9C%89%E9%99%90%E5%85%AC%E5%8F%B8-4435768594,PACK FQC,辽宁宏成电力股份有限公司,posted,2026-07-07T02:01:09.158597,236
eb7fadcefad89365,https://do.linkedin.com/jobs/view/national-society-development-nsd-delegate-at-reliefweb-4435184302,National Society Development (NSD) Delegate,ReliefWeb,posted,2026-07-07T02:01:21.986887,238
524ed68f56a41752,https://do.linkedin.com/jobs/view/it-provisioning-analyst-at-broadway-support-services-4427105267,IT Provisioning Analyst,,scraped,2026-07-07T02:01:24.642791,
48e6bb03fc3069ee,https://do.linkedin.com/jobs/view/%E7%85%A4%E5%88%B6%E6%B2%B9%E7%AD%B9%E5%A4%87%E5%B7%A5%E4%BD%9C%E7%BB%84%E5%89%AF%E7%BB%84%E9%95%BF-at-%E7%89%B9%E5%8F%98%E7%94%B5%E5%B7%A5%E5%9B%BD%E9%99%85%E5%B7%A5%E7%A8%8B%E6%9C%89%E9%99%90%E5%85%AC%E5%8F%B8-4436265142,煤制油筹备工作组副组长,,scraped,2026-07-07T02:01:31.169569,
a7a4a72ae2c0ec9c,https://do.linkedin.com/jobs/view/promotor-de-ventas-moca-salcedo-job-details-edrington-casa-brugal-at-edrington-4423159937,Promotor de Ventas (Moca / Salcedo) Job Details | Edrington - Casa Brugal,,scraped,2026-07-07T02:01:38.003725,
fc853ad4de65c5da,https://do.linkedin.com/jobs/view/quality-inspector-i-2-at-integer-holdings-corporation-4427655112,Quality Inspector I-2,,scraped,2026-07-07T02:01:44.894340,
fa6cdee948750f80,https://do.linkedin.com/jobs/view/agentic-product-designer-remote-latin-america-at-fullstack-4417319875,Agentic Product Designer - Remote - Latin America,,scraped,2026-07-07T02:01:51.942409,
756100012cecef48,https://do.linkedin.com/jobs/view/ingeniero-residente-senior-at-constructora-solhare-4435824526,Ingeniero Residente Senior,,scraped,2026-07-07T02:01:59.051549,
a94f57d8ddca4590,https://do.linkedin.com/jobs/view/econtent-eanalytics-specialist-gcr-at-colgate-palmolive-4434328410,eContent & eAnalytics Specialist GCR,Colgate-Palmolive,posted,2026-07-07T02:02:11.628467,240
1899389688b31bae,https://do.linkedin.com/jobs/view/full-stack-engineer-magento-at-emapta-global-4436444148,Full Stack Engineer - Magento,,scraped,2026-07-07T02:02:14.194051,
815b638ba4874f3d,https://do.linkedin.com/jobs/view/sales-executive-mice-and-social-at-encore-4435282319,Sales Executive - MICE and Social,,scraped,2026-07-07T02:02:20.504311,
b92391de8724058e,https://do.linkedin.com/jobs/view/aws-devops-engineer-linux-remote-latin-america-at-fullstack-4435325794,AWS DevOps Engineer (Linux) - Remote - Latin America,,scraped,2026-07-07T02:02:27.785010,
0f4d195b6d462c6c,https://do.linkedin.com/jobs/view/agentic-aws-devops-engineer-remote-latin-america-at-fullstack-4407580786,Agentic AWS DevOps Engineer - Remote - Latin America,FullStack,posted,2026-07-07T02:03:16.489429,242
2fb3d2c6bc5df510,https://do.linkedin.com/jobs/view/tech-lead-sanity-cms-remote-latin-america-at-fullstack-4427099729,Tech Lead (Sanity CMS) - Remote - Latin America,FullStack,posted,2026-07-07T02:03:21.270617,90
3b5ae93875cde730,https://do.linkedin.com/jobs/view/tech-lead-sanity-cms-remote-latin-america-at-fullstack-4427100676,Tech Lead (Sanity CMS) - Remote - Latin America,,scraped,2026-07-07T02:03:23.860929,
3c1941dfa6bd2ef4,https://do.linkedin.com/jobs/view/mid-level-cms-engineer-sanity-remote-latin-america-at-fullstack-4434628826,Mid-Level CMS Engineer (Sanity) - Remote - Latin America,FullStack,posted,2026-07-07T02:03:39.029049,244
78e9e83c555a996a,https://do.linkedin.com/jobs/view/golang-developer-trabajo-remoto-at-bairesdev-4436229828,Golang Developer - Trabajo Remoto,BairesDev,posted,2026-07-07T02:03:48.514360,246
9594bc2763c123a7,https://do.linkedin.com/jobs/view/cultural-safety-red-teaming-specialist-intermediate-ai-community-4436742837,Cultural Safety & Red-Teaming Specialist - Intermediate (AI Community),TELUS International AI Data Solutions,posted,2026-07-07T02:03:55.638049,248
3f1b94765893e4e1,https://do.linkedin.com/jobs/view/mid-level-cms-engineer-sanity-remote-latin-america-at-fullstack-4434648012,Mid-Level CMS Engineer (Sanity) - Remote - Latin America,,scraped,2026-07-07T02:03:58.178548,
f1bd32a9836a78c8,https://do.linkedin.com/jobs/view/tech-lead-sanity-cms-remote-latin-america-at-fullstack-4427104670,Tech Lead (Sanity CMS) - Remote - Latin America,,scraped,2026-07-07T02:04:05.302267,
38bff4d9993f1f4c,https://do.linkedin.com/jobs/view/mid-level-cms-engineer-sanity-remote-latin-america-at-fullstack-4434639248,Mid-Level CMS Engineer (Sanity) - Remote - Latin America,,scraped,2026-07-07T02:04:22.910019,
693649003ea31335,https://do.linkedin.com/jobs/view/aws-devops-engineer-linux-remote-latin-america-at-fullstack-4435343012,AWS DevOps Engineer (Linux) - Remote - Latin America,,scraped,2026-07-07T02:04:30.096105,
5548508beff0f2c5,https://do.linkedin.com/jobs/view/aws-devops-engineer-linux-remote-latin-america-at-fullstack-4435328783,AWS DevOps Engineer (Linux) - Remote - Latin America,,scraped,2026-07-07T02:04:44.169137,
7cdae681b212f279,https://do.linkedin.com/jobs/view/mid-level-cms-engineer-sanity-remote-latin-america-at-fullstack-4434635297,Mid-Level CMS Engineer (Sanity) - Remote - Latin America,,scraped,2026-07-07T02:05:22.559252,
5474731b4cb4e4ab,https://do.linkedin.com/jobs/view/tech-lead-sanity-cms-remote-latin-america-at-fullstack-4427113152,Tech Lead (Sanity CMS) - Remote - Latin America,,scraped,2026-07-07T02:05:34.997744,
64a20e2464455bb8,https://do.linkedin.com/jobs/view/senior-manager-emerging-solutions-shenzhen-guangzhou-315196-005379-at-deloitte-4408068840,(Senior) Manager - Emerging Solutions - Shenzhen / Guangzhou(315196)(005379),Deloitte,posted,2026-07-07T02:06:19.904579,250
cc9afdacd6cf9665,https://do.linkedin.com/jobs/view/associate-senior-consultant-global-employee-services-individual-income-tax-shenzhen-guangzhou-106531-at-deloitte-4437171947,Associate/Senior Consultant - Global Employee Services (Individual Income Tax) - Shenzhen& Guangzhou(106531),Deloitte,posted,2026-07-07T02:06:38.166683,252
1d15a36f6e866331,https://do.linkedin.com/jobs/view/aws-devops-engineer-linux-remote-latin-america-at-fullstack-4435329720,AWS DevOps Engineer (Linux) - Remote - Latin America,FullStack,posted,2026-07-07T02:06:47.006547,254
58e0eb9470cd3922,https://do.linkedin.com/jobs/view/tech-lead-sanity-cms-remote-latin-america-at-fullstack-4427090889,Tech Lead (Sanity CMS) - Remote - Latin America,,scraped,2026-07-07T02:06:49.606570,
